{"cameraMode":{"drawMode":0,"name":"Shaded","section":"Shading Mode"},"sceneLighting":true,"audioPlay":false,"sceneViewState":{"m_AlwaysRefresh":false,"showFog":true,"showSkybox":true,"showFlares":true,"showImageEffects":true,"showParticleSystems":true,"showVisualEffectGraphs":true,"m_FxEnabled":true},"in2DMode":false,"pivot":{"x":10.108821868896485,"y":50.935935974121097,"z":52.258506774902347},"rotation":{"x":0.026669496670365335,"y":0.03657614067196846,"z":0.0009745926363393664,"w":-0.9989780187606812},"size":99.71910095214844,"orthographic":false}