{"cameraMode":{"drawMode":0,"name":"Shaded","section":"Shading Mode"},"sceneLighting":true,"audioPlay":false,"sceneViewState":{"showFog":true,"showMaterialUpdate":false,"showSkybox":true,"showFlares":true,"showImageEffects":true,"showParticleSystems":true},"in2DMode":false,"pivot":{"x":-4.289867401123047,"y":9.068986892700196,"z":9.210102081298829},"rotation":{"x":0.004189216531813145,"y":0.029095938429236413,"z":0.00011188293137820438,"w":-0.999592661857605},"size":16.110910415649415,"orthographic":false}